"","Timestamp","Room","Temperature","Humidity"
"1",2018-07-02 19:39:28,"Surgical Ward",29.7,60.8
"2",2018-07-02 22:03:36,"ICU",25.8,62.8
"3",2018-07-03 00:27:45,"Surgical Ward",27.9,59.9
"4",2018-07-03 02:51:54,"ICU",25.1,59.7
"5",2018-07-03 05:16:02,"Surgical Ward",27.8,63.7
"6",2018-07-03 07:40:11,"ICU",25.1,62.7
"7",2018-07-03 10:04:19,"Surgical Ward",30.2,58.8
"8",2018-07-03 12:28:28,"ICU",30.1,62.7
"9",2018-07-03 14:52:37,"Surgical Ward",24.4,59.7
"10",2018-07-03 17:16:45,"ICU",29.6,60
"11",2018-07-03 19:40:54,"Surgical Ward",29.3,63.4
"12",2018-07-03 22:05:03,"ICU",21,58.1
"13",2018-07-04 00:29:11,"Surgical Ward",24.5,61.2
"14",2018-07-04 02:53:20,"ICU",26.7,62.2
"15",2018-07-04 05:17:29,"Surgical Ward",21.4,62.7
"16",2018-07-04 07:41:37,"ICU",26.4,60.1
"17",2018-07-04 10:05:46,"Surgical Ward",20,60.1
"18",2018-07-04 12:29:55,"ICU",25.6,59.3
"19",2018-07-04 14:54:03,"Surgical Ward",27.2,61.1
"20",2018-07-04 17:18:12,"ICU",26.6,61.3
"21",2018-07-04 19:42:21,"Surgical Ward",26.3,62.8
"22",2018-07-04 22:06:29,"ICU",30,63.8
"23",2018-07-05 00:30:38,"Surgical Ward",28.7,60.7
"24",2018-07-05 02:54:47,"ICU",22.3,64.7
"25",2018-07-05 05:18:55,"Surgical Ward",29.7,58.8
"26",2018-07-05 07:43:04,"ICU",22,60.7
"27",2018-07-05 10:07:12,"Surgical Ward",29.2,63.1
"28",2018-07-05 12:31:21,"ICU",28,62.8
"29",2018-07-05 14:55:30,"Surgical Ward",24.1,59.9
"30",2018-07-05 17:19:38,"ICU",26.1,61.1
"31",2018-07-05 19:43:47,"Surgical Ward",26,62.6
"32",2018-07-05 22:07:56,"ICU",28.3,59.5
"33",2018-07-06 00:32:04,"Surgical Ward",25.2,61.9
"34",2018-07-06 02:56:13,"ICU",20.7,59.7
"35",2018-07-06 05:20:22,"Surgical Ward",22.3,62.1
"36",2018-07-06 07:44:30,"ICU",30.4,63.8
"37",2018-07-06 10:08:39,"Surgical Ward",24.8,64.7
"38",2018-07-06 12:32:48,"ICU",29.9,65
"39",2018-07-06 14:56:56,"Surgical Ward",26,61.2
"40",2018-07-06 17:21:05,"ICU",23.6,58
"41",2018-07-06 19:45:14,"Surgical Ward",23.9,59.5
"42",2018-07-06 22:09:22,"ICU",22.6,61
"43",2018-07-07 00:33:31,"Surgical Ward",27.6,61.9
"44",2018-07-07 02:57:39,"ICU",22.3,61.8
"45",2018-07-07 05:21:48,"Surgical Ward",28.5,59.7
"46",2018-07-07 07:45:57,"ICU",26.4,62
"47",2018-07-07 10:10:05,"Surgical Ward",30.3,58.4
"48",2018-07-07 12:34:14,"ICU",28.8,63.1
"49",2018-07-07 14:58:23,"Surgical Ward",24.7,59.4
"50",2018-07-07 17:22:31,"ICU",21.3,60.1
"51",2018-07-07 19:46:40,"Surgical Ward",28.5,63.4
"52",2018-07-07 22:10:49,"ICU",25.1,58.9
"53",2018-07-08 00:34:57,"Surgical Ward",30.6,64.2
"54",2018-07-08 02:59:06,"ICU",29,59.3
"55",2018-07-08 05:23:15,"Surgical Ward",24.7,61.6
"56",2018-07-08 07:47:23,"ICU",21.4,63.9
"57",2018-07-08 10:11:32,"Surgical Ward",29.3,60.1
"58",2018-07-08 12:35:41,"ICU",29.8,61.8
"59",2018-07-08 14:59:49,"Surgical Ward",28.5,62.5
"60",2018-07-08 17:23:58,"ICU",23.4,61.6
"61",2018-07-08 19:48:07,"Surgical Ward",30.2,62.1
"62",2018-07-08 22:12:15,"ICU",22.1,59.2
"63",2018-07-09 00:36:24,"Surgical Ward",20.9,59.9
"64",2018-07-09 03:00:32,"ICU",29.6,64.4
"65",2018-07-09 05:24:41,"Surgical Ward",28.3,59.4
"66",2018-07-09 07:48:50,"ICU",20.8,59.9
"67",2018-07-09 10:12:58,"Surgical Ward",22.7,60.8
"68",2018-07-09 12:37:07,"ICU",23.7,58.3
"69",2018-07-09 15:01:16,"Surgical Ward",25.8,63.2
"70",2018-07-09 17:25:24,"ICU",25,59
"71",2018-07-09 19:49:33,"Surgical Ward",28.8,62.1
"72",2018-07-09 22:13:42,"ICU",30.5,62.9
"73",2018-07-10 00:37:50,"Surgical Ward",26.3,64.8
"74",2018-07-10 03:01:59,"ICU",28.6,58.4
"75",2018-07-10 05:26:08,"Surgical Ward",22.3,61.1
"76",2018-07-10 07:50:16,"ICU",22.5,63.6
"77",2018-07-10 10:14:25,"Surgical Ward",26.2,63.4
"78",2018-07-10 12:38:34,"ICU",22.1,63.1
"79",2018-07-10 15:02:42,"Surgical Ward",22.8,64.1
"80",2018-07-10 17:26:51,"ICU",25.2,61.4
"81",2018-07-10 19:50:59,"Surgical Ward",25.9,58.5
"82",2018-07-10 22:15:08,"ICU",27.4,61.2
"83",2018-07-11 00:39:17,"Surgical Ward",24.1,62.3
"84",2018-07-11 03:03:25,"ICU",28.3,58.3
"85",2018-07-11 05:27:34,"Surgical Ward",20.2,62.3
"86",2018-07-11 07:51:43,"ICU",20.5,64.4
"87",2018-07-11 10:15:51,"Surgical Ward",24.8,62.9
"88",2018-07-11 12:40:00,"ICU",22.4,60.9
"89",2018-07-11 15:04:09,"Surgical Ward",21.8,63
"90",2018-07-11 17:28:17,"ICU",22.1,60.2
"91",2018-07-11 19:52:26,"Surgical Ward",26.9,62.3
"92",2018-07-11 22:16:35,"ICU",26.6,62.5
"93",2018-07-12 00:40:43,"Surgical Ward",20.4,62.6
"94",2018-07-12 03:04:52,"ICU",26.9,62.2
"95",2018-07-12 05:29:01,"Surgical Ward",27.8,59
"96",2018-07-12 07:53:09,"ICU",23.2,63
"97",2018-07-12 10:17:18,"Surgical Ward",20.1,63.6
"98",2018-07-12 12:41:27,"ICU",26.9,61.3
"99",2018-07-12 15:05:35,"Surgical Ward",26.6,64.7
"100",2018-07-12 17:29:44,"ICU",22,62.2
"101",2018-07-12 19:53:52,"Surgical Ward",30.5,62
"102",2018-07-12 22:18:01,"ICU",28,59.9
"103",2018-07-13 00:42:10,"Surgical Ward",20.2,59.9
"104",2018-07-13 03:06:18,"ICU",23.2,63.1
"105",2018-07-13 05:30:27,"Surgical Ward",25.9,58.9
"106",2018-07-13 07:54:36,"ICU",22.5,61.1
"107",2018-07-13 10:18:44,"Surgical Ward",27.8,61.7
"108",2018-07-13 12:42:53,"ICU",21.5,61.2
"109",2018-07-13 15:07:02,"Surgical Ward",20.3,64.6
"110",2018-07-13 17:31:10,"ICU",30.4,63.3
"111",2018-07-13 19:55:19,"Surgical Ward",25.6,63
"112",2018-07-13 22:19:28,"ICU",28.9,64.3
"113",2018-07-14 00:43:36,"Surgical Ward",28,64
"114",2018-07-14 03:07:45,"ICU",21.5,60.3
"115",2018-07-14 05:31:54,"Surgical Ward",20.9,62.8
"116",2018-07-14 07:56:02,"ICU",26.3,61.2
"117",2018-07-14 10:20:11,"Surgical Ward",26.9,62.1
"118",2018-07-14 12:44:19,"ICU",29,61.7
"119",2018-07-14 15:08:28,"Surgical Ward",27.4,63.1
"120",2018-07-14 17:32:37,"ICU",24.3,58
"121",2018-07-14 19:56:45,"Surgical Ward",20.3,62.6
"122",2018-07-14 22:20:54,"ICU",21.7,59.9
"123",2018-07-15 00:45:03,"Surgical Ward",26.8,63.9
"124",2018-07-15 03:09:11,"ICU",21.8,58.4
"125",2018-07-15 05:33:20,"Surgical Ward",25.3,61.9
"126",2018-07-15 07:57:29,"ICU",27.5,60.5
"127",2018-07-15 10:21:37,"Surgical Ward",24.7,58.9
"128",2018-07-15 12:45:46,"ICU",28.3,59.2
"129",2018-07-15 15:09:55,"Surgical Ward",20.5,63.1
"130",2018-07-15 17:34:03,"ICU",26.5,64.8
"131",2018-07-15 19:58:12,"Surgical Ward",25.5,58.3
"132",2018-07-15 22:22:21,"ICU",24.5,58.2
"133",2018-07-16 00:46:29,"Surgical Ward",20.7,59.4
"134",2018-07-16 03:10:38,"ICU",25.3,61.7
"135",2018-07-16 05:34:47,"Surgical Ward",27.7,64.9
"136",2018-07-16 07:58:55,"ICU",20.1,58.3
"137",2018-07-16 10:23:04,"Surgical Ward",25.9,60.3
"138",2018-07-16 12:47:12,"ICU",21.8,64.9
"139",2018-07-16 15:11:21,"Surgical Ward",24.8,63.1
"140",2018-07-16 17:35:30,"ICU",25.2,63.9
"141",2018-07-16 19:59:38,"Surgical Ward",23.4,58.7
"142",2018-07-16 22:23:47,"ICU",22.2,65
"143",2018-07-17 00:47:56,"Surgical Ward",20.2,62.6
"144",2018-07-17 03:12:04,"ICU",28.9,61.1
"145",2018-07-17 05:36:13,"Surgical Ward",25.1,64.1
"146",2018-07-17 08:00:22,"ICU",24.9,65
"147",2018-07-17 10:24:30,"Surgical Ward",30.5,65
"148",2018-07-17 12:48:39,"ICU",21.5,61.1
"149",2018-07-17 15:12:48,"Surgical Ward",20.8,63.4
"150",2018-07-17 17:36:56,"ICU",20.1,63.7
"151",2018-07-17 20:01:05,"Surgical Ward",25.9,63
"152",2018-07-17 22:25:14,"ICU",25.5,63
"153",2018-07-18 00:49:22,"Surgical Ward",21.2,64.6
"154",2018-07-18 03:13:31,"ICU",24.2,64
"155",2018-07-18 05:37:39,"Surgical Ward",28,58.8
"156",2018-07-18 08:01:48,"ICU",24.3,61.3
"157",2018-07-18 10:25:57,"Surgical Ward",28.3,61.8
"158",2018-07-18 12:50:05,"ICU",25.9,59.3
"159",2018-07-18 15:14:14,"Surgical Ward",23.5,59.8
"160",2018-07-18 17:38:23,"ICU",29.4,59
"161",2018-07-18 20:02:31,"Surgical Ward",28.3,63.4
"162",2018-07-18 22:26:40,"ICU",24.7,62.3
"163",2018-07-19 00:50:49,"Surgical Ward",20.6,61.8
"164",2018-07-19 03:14:57,"ICU",30.8,61.5
"165",2018-07-19 05:39:06,"Surgical Ward",25.2,58.8
"166",2018-07-19 08:03:15,"ICU",22.1,60.3
"167",2018-07-19 10:27:23,"Surgical Ward",29.9,62.4
"168",2018-07-19 12:51:32,"ICU",26,61
"169",2018-07-19 15:15:41,"Surgical Ward",28.8,58.7
"170",2018-07-19 17:39:49,"ICU",23.7,63
"171",2018-07-19 20:03:58,"Surgical Ward",30.6,60.5
"172",2018-07-19 22:28:07,"ICU",26.7,62.7
"173",2018-07-20 00:52:15,"Surgical Ward",30.2,64.5
"174",2018-07-20 03:16:24,"ICU",30,58.4
"175",2018-07-20 05:40:32,"Surgical Ward",22.9,64.8
"176",2018-07-20 08:04:41,"ICU",25.8,62.9
"177",2018-07-20 10:28:50,"Surgical Ward",20.8,58.5
"178",2018-07-20 12:52:58,"ICU",21.7,60.9
"179",2018-07-20 15:17:07,"Surgical Ward",24,64.6
"180",2018-07-20 17:41:16,"ICU",31,60.2
"181",2018-07-20 20:05:24,"Surgical Ward",21.5,60.9
"182",2018-07-20 22:29:33,"ICU",24.1,60.3
"183",2018-07-21 00:53:42,"Surgical Ward",20,61.2
"184",2018-07-21 03:17:50,"ICU",24.5,58.1
"185",2018-07-21 05:41:59,"Surgical Ward",20.8,65
"186",2018-07-21 08:06:08,"ICU",29.4,64.7
"187",2018-07-21 10:30:16,"Surgical Ward",24.2,60.9
"188",2018-07-21 12:54:25,"ICU",26.3,64.1
"189",2018-07-21 15:18:34,"Surgical Ward",23.4,63.5
"190",2018-07-21 17:42:42,"ICU",21.7,63.5
"191",2018-07-21 20:06:51,"Surgical Ward",28.4,63.5
"192",2018-07-21 22:30:59,"ICU",20.4,61.7
"193",2018-07-22 00:55:08,"Surgical Ward",29.4,61.2
"194",2018-07-22 03:19:17,"ICU",20.2,62.9
"195",2018-07-22 05:43:25,"Surgical Ward",22.1,59.7
"196",2018-07-22 08:07:34,"ICU",26.4,60.2
"197",2018-07-22 10:31:43,"Surgical Ward",28.6,58.3
"198",2018-07-22 12:55:51,"ICU",27.5,64.5
"199",2018-07-22 15:20:00,"Surgical Ward",21.9,59.2
"200",2018-07-22 17:44:09,"ICU",24.4,61.7
"201",2018-07-22 20:08:17,"Surgical Ward",29.7,58.5
"202",2018-07-22 22:32:26,"ICU",25.8,59.3
"203",2018-07-23 00:56:35,"Surgical Ward",27.7,62
"204",2018-07-23 03:20:43,"ICU",22.5,62.3
"205",2018-07-23 05:44:52,"Surgical Ward",26.7,59.8
"206",2018-07-23 08:09:01,"ICU",25.8,60
"207",2018-07-23 10:33:09,"Surgical Ward",25,63.8
"208",2018-07-23 12:57:18,"ICU",24.4,61.5
"209",2018-07-23 15:21:27,"Surgical Ward",25.9,62.5
"210",2018-07-23 17:45:35,"ICU",27.2,60.8
"211",2018-07-23 20:09:44,"Surgical Ward",30,63.9
"212",2018-07-23 22:33:52,"ICU",30.9,60.1
"213",2018-07-24 00:58:01,"Surgical Ward",25.2,61.2
"214",2018-07-24 03:22:10,"ICU",25.6,59.1
"215",2018-07-24 05:46:18,"Surgical Ward",29,62.9
"216",2018-07-24 08:10:27,"ICU",28.7,62.4
"217",2018-07-24 10:34:36,"Surgical Ward",24.3,63.6
"218",2018-07-24 12:58:44,"ICU",30.1,60.3
"219",2018-07-24 15:22:53,"Surgical Ward",25.8,58.1
"220",2018-07-24 17:47:02,"ICU",26.8,59.8
"221",2018-07-24 20:11:10,"Surgical Ward",23.4,60.9
"222",2018-07-24 22:35:19,"ICU",25.9,61.6
"223",2018-07-25 00:59:28,"Surgical Ward",23.3,58.1
"224",2018-07-25 03:23:36,"ICU",21.9,58.6
"225",2018-07-25 05:47:45,"Surgical Ward",26.9,58.1
"226",2018-07-25 08:11:54,"ICU",24.1,62.9
"227",2018-07-25 10:36:02,"Surgical Ward",30.2,60.5
"228",2018-07-25 13:00:11,"ICU",25.1,64.9
"229",2018-07-25 15:24:19,"Surgical Ward",30.4,59.4
"230",2018-07-25 17:48:28,"ICU",30.2,58.4
"231",2018-07-25 20:12:37,"Surgical Ward",27,59.7
"232",2018-07-25 22:36:45,"ICU",21.1,64.2
"233",2018-07-26 01:00:54,"Surgical Ward",20.3,61
"234",2018-07-26 03:25:03,"ICU",23.6,62.3
"235",2018-07-26 05:49:11,"Surgical Ward",25.1,62.6
"236",2018-07-26 08:13:20,"ICU",29.7,63.1
"237",2018-07-26 10:37:29,"Surgical Ward",27.9,64.9
"238",2018-07-26 13:01:37,"ICU",26.8,60.3
"239",2018-07-26 15:25:46,"Surgical Ward",30.2,58.1
"240",2018-07-26 17:49:55,"ICU",28.7,58.2
"241",2018-07-26 20:14:03,"Surgical Ward",27.9,58.8
"242",2018-07-26 22:38:12,"ICU",24.1,61.6
"243",2018-07-27 01:02:21,"Surgical Ward",27,60.6
"244",2018-07-27 03:26:29,"ICU",20.7,58.4
"245",2018-07-27 05:50:38,"Surgical Ward",28.7,63.5
"246",2018-07-27 08:14:47,"ICU",29.6,61
"247",2018-07-27 10:38:55,"Surgical Ward",25.8,60.4
"248",2018-07-27 13:03:04,"ICU",26.3,63.6
"249",2018-07-27 15:27:12,"Surgical Ward",30.6,61.6
"250",2018-07-27 17:51:21,"ICU",28.4,58
"251",2018-07-27 20:15:30,"Surgical Ward",30.9,58.9
"252",2018-07-27 22:39:38,"ICU",27.5,61.2
"253",2018-07-28 01:03:47,"Surgical Ward",27.6,60.9
"254",2018-07-28 03:27:56,"ICU",28.7,62.1
"255",2018-07-28 05:52:04,"Surgical Ward",22.9,64.8
"256",2018-07-28 08:16:13,"ICU",24.2,59.5
"257",2018-07-28 10:40:22,"Surgical Ward",26,58.1
"258",2018-07-28 13:04:30,"ICU",24.6,59.1
"259",2018-07-28 15:28:39,"Surgical Ward",27.4,64.1
"260",2018-07-28 17:52:48,"ICU",21.2,62.9
"261",2018-07-28 20:16:56,"Surgical Ward",24.7,58.3
"262",2018-07-28 22:41:05,"ICU",28.2,60.2
"263",2018-07-29 01:05:14,"Surgical Ward",22.2,59.8
"264",2018-07-29 03:29:22,"ICU",24.3,60.2
"265",2018-07-29 05:53:31,"Surgical Ward",20.8,64
"266",2018-07-29 08:17:39,"ICU",21.1,58.8
"267",2018-07-29 10:41:48,"Surgical Ward",30,61.2
"268",2018-07-29 13:05:57,"ICU",22.9,63.8
"269",2018-07-29 15:30:05,"Surgical Ward",21.1,60.6
"270",2018-07-29 17:54:14,"ICU",25.8,59.7
"271",2018-07-29 20:18:23,"Surgical Ward",20.6,58.6
"272",2018-07-29 22:42:31,"ICU",27.4,59.8
"273",2018-07-30 01:06:40,"Surgical Ward",28.5,59
"274",2018-07-30 03:30:49,"ICU",29.3,64.2
"275",2018-07-30 05:54:57,"Surgical Ward",27.2,61.3
"276",2018-07-30 08:19:06,"ICU",22.7,59.9
"277",2018-07-30 10:43:15,"Surgical Ward",22.1,64.4
"278",2018-07-30 13:07:23,"ICU",29.2,58.6
"279",2018-07-30 15:31:32,"Surgical Ward",29.1,63.4
"280",2018-07-30 17:55:41,"ICU",29.3,60.7
"281",2018-07-30 20:19:49,"Surgical Ward",28.4,64.1
"282",2018-07-30 22:43:58,"ICU",23.9,62.5
"283",2018-07-31 01:08:07,"Surgical Ward",23.1,61.4
"284",2018-07-31 03:32:15,"ICU",29.4,60.1
"285",2018-07-31 05:56:24,"Surgical Ward",21,58.8
"286",2018-07-31 08:20:32,"ICU",30.2,58.6
"287",2018-07-31 10:44:41,"Surgical Ward",30.1,63.1
"288",2018-07-31 13:08:50,"ICU",26.9,61.6
"289",2018-07-31 15:32:58,"Surgical Ward",29.1,59.2
"290",2018-07-31 17:57:07,"ICU",24.5,60.3
"291",2018-07-31 20:21:16,"Surgical Ward",22.7,64.9
"292",2018-07-31 22:45:24,"ICU",28.3,60.9
"293",2018-08-01 01:09:33,"Surgical Ward",28.4,58.8
"294",2018-08-01 03:33:42,"ICU",22.7,59.7
"295",2018-08-01 05:57:50,"Surgical Ward",27.9,64.9
"296",2018-08-01 08:21:59,"ICU",21.9,62.2
"297",2018-08-01 10:46:08,"Surgical Ward",21.2,62.8
"298",2018-08-01 13:10:16,"ICU",21.4,59.5
"299",2018-08-01 15:34:25,"Surgical Ward",24.4,61.3
"300",2018-08-01 17:58:34,"ICU",24.8,61
"301",2018-08-01 20:22:42,"Surgical Ward",22,58.5
"302",2018-08-01 22:46:51,"ICU",26.8,61.5
"303",2018-08-02 01:10:59,"Surgical Ward",25.3,58.3
"304",2018-08-02 03:35:08,"ICU",26.6,58.4
"305",2018-08-02 05:59:17,"Surgical Ward",29.8,60.8
"306",2018-08-02 08:23:25,"ICU",30.5,63
"307",2018-08-02 10:47:34,"Surgical Ward",20.9,60.2
"308",2018-08-02 13:11:43,"ICU",28.4,62.8
"309",2018-08-02 15:35:51,"Surgical Ward",21.1,63.2
"310",2018-08-02 18:00:00,"ICU",27.6,64.8
"311",2018-08-02 20:24:09,"Surgical Ward",25.6,62.1
"312",2018-08-02 22:48:17,"ICU",24.5,59.4
"313",2018-08-03 01:12:26,"Surgical Ward",30.2,60.4
"314",2018-08-03 03:36:35,"ICU",28,62.8
"315",2018-08-03 06:00:43,"Surgical Ward",26.5,59.3
"316",2018-08-03 08:24:52,"ICU",28.2,59.2
"317",2018-08-03 10:49:01,"Surgical Ward",29.9,61.7
"318",2018-08-03 13:13:09,"ICU",27.7,61
"319",2018-08-03 15:37:18,"Surgical Ward",23.5,62.7
"320",2018-08-03 18:01:27,"ICU",22.8,58.6
"321",2018-08-03 20:25:35,"Surgical Ward",22.1,62.4
"322",2018-08-03 22:49:44,"ICU",30,62.7
"323",2018-08-04 01:13:52,"Surgical Ward",25.8,62.7
"324",2018-08-04 03:38:01,"ICU",30.5,58.6
"325",2018-08-04 06:02:10,"Surgical Ward",20.2,62.2
"326",2018-08-04 08:26:18,"ICU",29.7,60.2
"327",2018-08-04 10:50:27,"Surgical Ward",29.7,62.8
"328",2018-08-04 13:14:36,"ICU",30.2,59.8
"329",2018-08-04 15:38:44,"Surgical Ward",21.9,63.6
"330",2018-08-04 18:02:53,"ICU",20.4,62.7
"331",2018-08-04 20:27:02,"Surgical Ward",20.5,60.1
"332",2018-08-04 22:51:10,"ICU",29.7,62.2
"333",2018-08-05 01:15:19,"Surgical Ward",27.8,60.1
"334",2018-08-05 03:39:28,"ICU",29.6,58.3
"335",2018-08-05 06:03:36,"Surgical Ward",21.8,63
"336",2018-08-05 08:27:45,"ICU",24.4,62.7
"337",2018-08-05 10:51:54,"Surgical Ward",23,61.5
"338",2018-08-05 13:16:02,"ICU",20.6,63.9
"339",2018-08-05 15:40:11,"Surgical Ward",27.6,61.6
"340",2018-08-05 18:04:19,"ICU",23.7,63.1
"341",2018-08-05 20:28:28,"Surgical Ward",21,58.1
"342",2018-08-05 22:52:37,"ICU",27.7,64.7
"343",2018-08-06 01:16:45,"Surgical Ward",24.1,60.4
"344",2018-08-06 03:40:54,"ICU",30.1,65
"345",2018-08-06 06:05:03,"Surgical Ward",29.1,61.1
"346",2018-08-06 08:29:11,"ICU",28.6,59.8
"347",2018-08-06 10:53:20,"Surgical Ward",23.6,62.1
"348",2018-08-06 13:17:29,"ICU",27.9,59.2
"349",2018-08-06 15:41:37,"Surgical Ward",29.5,62.5
"350",2018-08-06 18:05:46,"ICU",25,63.8
"351",2018-08-06 20:29:55,"Surgical Ward",25.4,61.1
"352",2018-08-06 22:54:03,"ICU",22.1,63
"353",2018-08-07 01:18:12,"Surgical Ward",25.7,65
"354",2018-08-07 03:42:21,"ICU",20.5,63.2
"355",2018-08-07 06:06:29,"Surgical Ward",29.8,63.3
"356",2018-08-07 08:30:38,"ICU",20.7,63.2
"357",2018-08-07 10:54:47,"Surgical Ward",21.7,62.8
"358",2018-08-07 13:18:55,"ICU",28.1,60.6
"359",2018-08-07 15:43:04,"Surgical Ward",21.3,60.5
"360",2018-08-07 18:07:12,"ICU",20.8,64.2
"361",2018-08-07 20:31:21,"Surgical Ward",25.2,63.2
"362",2018-08-07 22:55:30,"ICU",21.6,58.8
"363",2018-08-08 01:19:38,"Surgical Ward",24.6,61.7
"364",2018-08-08 03:43:47,"ICU",22.8,58.7
"365",2018-08-08 06:07:56,"Surgical Ward",23.3,63.8
"366",2018-08-08 08:32:04,"ICU",23.4,60
"367",2018-08-08 10:56:13,"Surgical Ward",24.4,58.6
"368",2018-08-08 13:20:22,"ICU",21.2,64.3
"369",2018-08-08 15:44:30,"Surgical Ward",27.5,62
"370",2018-08-08 18:08:39,"ICU",28.7,62
"371",2018-08-08 20:32:48,"Surgical Ward",21.3,64.2
"372",2018-08-08 22:56:56,"ICU",30,65
"373",2018-08-09 01:21:05,"Surgical Ward",20.6,64.1
"374",2018-08-09 03:45:14,"ICU",27,64.5
"375",2018-08-09 06:09:22,"Surgical Ward",20.8,58.7
"376",2018-08-09 08:33:31,"ICU",27.3,61.2
"377",2018-08-09 10:57:39,"Surgical Ward",24.2,62.7
"378",2018-08-09 13:21:48,"ICU",28.8,64.1
"379",2018-08-09 15:45:57,"Surgical Ward",27.6,59.9
"380",2018-08-09 18:10:05,"ICU",28.8,62.8
"381",2018-08-09 20:34:14,"Surgical Ward",24.7,64.3
"382",2018-08-09 22:58:23,"ICU",24,60.6
"383",2018-08-10 01:22:31,"Surgical Ward",23.7,59.9
"384",2018-08-10 03:46:40,"ICU",30.1,58.7
"385",2018-08-10 06:10:49,"Surgical Ward",21.7,64.8
"386",2018-08-10 08:34:57,"ICU",26.9,58.9
"387",2018-08-10 10:59:06,"Surgical Ward",29.2,58.6
"388",2018-08-10 13:23:15,"ICU",20.1,63
"389",2018-08-10 15:47:23,"Surgical Ward",28.5,62.4
"390",2018-08-10 18:11:32,"ICU",25.3,62.6
"391",2018-08-10 20:35:41,"Surgical Ward",30.4,59.6
"392",2018-08-10 22:59:49,"ICU",31,61.1
"393",2018-08-11 01:23:58,"Surgical Ward",27,64.5
"394",2018-08-11 03:48:07,"ICU",30.1,63.7
"395",2018-08-11 06:12:15,"Surgical Ward",27.1,61.7
"396",2018-08-11 08:36:24,"ICU",29.3,64.5
"397",2018-08-11 11:00:32,"Surgical Ward",25.4,59.2
"398",2018-08-11 13:24:41,"ICU",28.6,59.2
"399",2018-08-11 15:48:50,"Surgical Ward",21,64.5
"400",2018-08-11 18:12:58,"ICU",23.3,58
"401",2018-08-11 20:37:07,"Surgical Ward",22.8,60.1
"402",2018-08-11 23:01:16,"ICU",26.9,58.8
"403",2018-08-12 01:25:24,"Surgical Ward",25.9,62.4
"404",2018-08-12 03:49:33,"ICU",26.5,62.8
"405",2018-08-12 06:13:42,"Surgical Ward",22.2,61.3
"406",2018-08-12 08:37:50,"ICU",23.1,63.3
"407",2018-08-12 11:01:59,"Surgical Ward",25.2,61.7
"408",2018-08-12 13:26:08,"ICU",24.5,63
"409",2018-08-12 15:50:16,"Surgical Ward",23.4,61.7
"410",2018-08-12 18:14:25,"ICU",30.6,65
"411",2018-08-12 20:38:34,"Surgical Ward",26.2,63.3
"412",2018-08-12 23:02:42,"ICU",24.6,60.8
"413",2018-08-13 01:26:51,"Surgical Ward",24.6,59.3
"414",2018-08-13 03:50:59,"ICU",22.1,64.9
"415",2018-08-13 06:15:08,"Surgical Ward",20.7,61.5
"416",2018-08-13 08:39:17,"ICU",29.3,64
"417",2018-08-13 11:03:25,"Surgical Ward",23.8,64.7
"418",2018-08-13 13:27:34,"ICU",20.1,62.5
"419",2018-08-13 15:51:43,"Surgical Ward",20.6,63.9
"420",2018-08-13 18:15:51,"ICU",24.6,60.8
"421",2018-08-13 20:40:00,"Surgical Ward",26.9,60.4
"422",2018-08-13 23:04:09,"ICU",20.4,64.6
"423",2018-08-14 01:28:17,"Surgical Ward",29.8,58.3
"424",2018-08-14 03:52:26,"ICU",26.4,61.5
"425",2018-08-14 06:16:35,"Surgical Ward",20.8,62.2
"426",2018-08-14 08:40:43,"ICU",28.9,58.5
"427",2018-08-14 11:04:52,"Surgical Ward",22.3,63.7
"428",2018-08-14 13:29:01,"ICU",29.7,59.5
"429",2018-08-14 15:53:09,"Surgical Ward",26.6,63.9
"430",2018-08-14 18:17:18,"ICU",25.9,58.4
"431",2018-08-14 20:41:27,"Surgical Ward",22.9,61.1
"432",2018-08-14 23:05:35,"ICU",28.6,60.6
"433",2018-08-15 01:29:44,"Surgical Ward",22.4,58.4
"434",2018-08-15 03:53:52,"ICU",20,59.9
"435",2018-08-15 06:18:01,"Surgical Ward",29.8,60.6
"436",2018-08-15 08:42:10,"ICU",25.2,60.1
"437",2018-08-15 11:06:18,"Surgical Ward",21.2,63
"438",2018-08-15 13:30:27,"ICU",20.5,60.8
"439",2018-08-15 15:54:36,"Surgical Ward",23.5,58.5
"440",2018-08-15 18:18:44,"ICU",20.4,59.6
"441",2018-08-15 20:42:53,"Surgical Ward",23,60
"442",2018-08-15 23:07:02,"ICU",30.1,63.7
"443",2018-08-16 01:31:10,"Surgical Ward",30.6,60.8
"444",2018-08-16 03:55:19,"ICU",23.6,63.4
"445",2018-08-16 06:19:28,"Surgical Ward",21.3,59
"446",2018-08-16 08:43:36,"ICU",21.7,61.6
"447",2018-08-16 11:07:45,"Surgical Ward",27.2,59
"448",2018-08-16 13:31:54,"ICU",23.4,58.8
"449",2018-08-16 15:56:02,"Surgical Ward",30.6,62.8
"450",2018-08-16 18:20:11,"ICU",21.6,64.9
"451",2018-08-16 20:44:19,"Surgical Ward",26.3,62.1
"452",2018-08-16 23:08:28,"ICU",22.2,59.6
"453",2018-08-17 01:32:37,"Surgical Ward",24.7,63.5
"454",2018-08-17 03:56:45,"ICU",21.9,63.5
"455",2018-08-17 06:20:54,"Surgical Ward",26.7,60.5
"456",2018-08-17 08:45:03,"ICU",21.7,62.5
"457",2018-08-17 11:09:11,"Surgical Ward",26.6,60.5
"458",2018-08-17 13:33:20,"ICU",21.5,61.4
"459",2018-08-17 15:57:29,"Surgical Ward",30.6,58.8
"460",2018-08-17 18:21:37,"ICU",20.6,59.5
"461",2018-08-17 20:45:46,"Surgical Ward",28.3,64
"462",2018-08-17 23:09:55,"ICU",30.4,62.2
"463",2018-08-18 01:34:03,"Surgical Ward",29.9,63.6
"464",2018-08-18 03:58:12,"ICU",27.7,64.6
"465",2018-08-18 06:22:21,"Surgical Ward",28,59.5
"466",2018-08-18 08:46:29,"ICU",26,61.6
"467",2018-08-18 11:10:38,"Surgical Ward",22.9,59.3
"468",2018-08-18 13:34:47,"ICU",25.9,59.9
"469",2018-08-18 15:58:55,"Surgical Ward",30.7,60.8
"470",2018-08-18 18:23:04,"ICU",28.1,61.8
"471",2018-08-18 20:47:12,"Surgical Ward",23.2,61.3
"472",2018-08-18 23:11:21,"ICU",27.9,61.9
"473",2018-08-19 01:35:30,"Surgical Ward",27.1,58.2
"474",2018-08-19 03:59:38,"ICU",26.2,61.8
"475",2018-08-19 06:23:47,"Surgical Ward",22.6,61.9
"476",2018-08-19 08:47:56,"ICU",24.6,64.3
"477",2018-08-19 11:12:04,"Surgical Ward",23.4,64.7
"478",2018-08-19 13:36:13,"ICU",22.1,62.4
"479",2018-08-19 16:00:22,"Surgical Ward",27,61.4
"480",2018-08-19 18:24:30,"ICU",31,64.1
"481",2018-08-19 20:48:39,"Surgical Ward",21.7,59.1
"482",2018-08-19 23:12:48,"ICU",23.1,61
"483",2018-08-20 01:36:56,"Surgical Ward",23.6,64.2
"484",2018-08-20 04:01:05,"ICU",23.5,61.1
"485",2018-08-20 06:25:14,"Surgical Ward",29,63.4
"486",2018-08-20 08:49:22,"ICU",25.8,64.2
"487",2018-08-20 11:13:31,"Surgical Ward",25.8,62
"488",2018-08-20 13:37:39,"ICU",28.4,58.2
"489",2018-08-20 16:01:48,"Surgical Ward",22.2,59.4
"490",2018-08-20 18:25:57,"ICU",22.5,62.7
"491",2018-08-20 20:50:05,"Surgical Ward",21.4,63.7
"492",2018-08-20 23:14:14,"ICU",25.8,61.1
"493",2018-08-21 01:38:23,"Surgical Ward",23.9,64.9
"494",2018-08-21 04:02:31,"ICU",20.7,59.8
"495",2018-08-21 06:26:40,"Surgical Ward",26.9,60.4
"496",2018-08-21 08:50:49,"ICU",30.2,58.5
"497",2018-08-21 11:14:57,"Surgical Ward",30.3,62.2
"498",2018-08-21 13:39:06,"ICU",23.2,62.2
"499",2018-08-21 16:03:15,"Surgical Ward",21,59.7
"500",2018-08-21 18:27:23,"ICU",22.6,58.4
"501",2018-08-21 20:51:32,"Surgical Ward",29.4,63
"502",2018-08-21 23:15:41,"ICU",25.5,62
"503",2018-08-22 01:39:49,"Surgical Ward",22.4,61.2
"504",2018-08-22 04:03:58,"ICU",26.8,64.5
"505",2018-08-22 06:28:07,"Surgical Ward",26.1,62.7
"506",2018-08-22 08:52:15,"ICU",26.7,64.8
"507",2018-08-22 11:16:24,"Surgical Ward",23.5,59.6
"508",2018-08-22 13:40:32,"ICU",20.6,58.3
"509",2018-08-22 16:04:41,"Surgical Ward",30,61.7
"510",2018-08-22 18:28:50,"ICU",20.7,63.3
"511",2018-08-22 20:52:58,"Surgical Ward",21.8,60
"512",2018-08-22 23:17:07,"ICU",22.9,58.8
"513",2018-08-23 01:41:16,"Surgical Ward",24.3,63.3
"514",2018-08-23 04:05:24,"ICU",20.8,58.8
"515",2018-08-23 06:29:33,"Surgical Ward",27.2,59
"516",2018-08-23 08:53:42,"ICU",26.1,64.9
"517",2018-08-23 11:17:50,"Surgical Ward",24.3,62.8
"518",2018-08-23 13:41:59,"ICU",22.1,61.8
"519",2018-08-23 16:06:08,"Surgical Ward",24.4,59
"520",2018-08-23 18:30:16,"ICU",20.7,58.3
"521",2018-08-23 20:54:25,"Surgical Ward",28.5,61.4
"522",2018-08-23 23:18:34,"ICU",27.3,60.8
"523",2018-08-24 01:42:42,"Surgical Ward",26.6,61.7
"524",2018-08-24 04:06:51,"ICU",30.1,60.9
"525",2018-08-24 06:30:59,"Surgical Ward",23,60.1
"526",2018-08-24 08:55:08,"ICU",24.1,59.3
"527",2018-08-24 11:19:17,"Surgical Ward",22.4,61.5
"528",2018-08-24 13:43:25,"ICU",25.7,63.2
"529",2018-08-24 16:07:34,"Surgical Ward",23.2,62.4
"530",2018-08-24 18:31:43,"ICU",23.6,60.2
"531",2018-08-24 20:55:51,"Surgical Ward",23,62.9
"532",2018-08-24 23:20:00,"ICU",23.2,60.9
"533",2018-08-25 01:44:09,"Surgical Ward",25.9,63.9
"534",2018-08-25 04:08:17,"ICU",28.2,60.7
"535",2018-08-25 06:32:26,"Surgical Ward",22.5,59.3
"536",2018-08-25 08:56:35,"ICU",22.4,64.5
"537",2018-08-25 11:20:43,"Surgical Ward",27.1,65
"538",2018-08-25 13:44:52,"ICU",22.6,64.3
"539",2018-08-25 16:09:01,"Surgical Ward",26.5,61.4
"540",2018-08-25 18:33:09,"ICU",27,62.6
"541",2018-08-25 20:57:18,"Surgical Ward",26.2,60.9
"542",2018-08-25 23:21:27,"ICU",24.6,64.6
"543",2018-08-26 01:45:35,"Surgical Ward",26.3,64.6
"544",2018-08-26 04:09:44,"ICU",27,58.8
"545",2018-08-26 06:33:52,"Surgical Ward",30.6,58.9
"546",2018-08-26 08:58:01,"ICU",28.3,58.4
"547",2018-08-26 11:22:10,"Surgical Ward",25.4,60.5
"548",2018-08-26 13:46:18,"ICU",21.8,59.5
"549",2018-08-26 16:10:27,"Surgical Ward",30.3,59.1
"550",2018-08-26 18:34:36,"ICU",23.7,62.3
"551",2018-08-26 20:58:44,"Surgical Ward",24.8,58.3
"552",2018-08-26 23:22:53,"ICU",30.9,62.1
"553",2018-08-27 01:47:02,"Surgical Ward",29.5,60.8
"554",2018-08-27 04:11:10,"ICU",29.2,64.7
"555",2018-08-27 06:35:19,"Surgical Ward",27.5,60.3
"556",2018-08-27 08:59:28,"ICU",23,63.8
"557",2018-08-27 11:23:36,"Surgical Ward",21,63.7
"558",2018-08-27 13:47:45,"ICU",24,64.1
"559",2018-08-27 16:11:54,"Surgical Ward",23.2,64.5
"560",2018-08-27 18:36:02,"ICU",24.2,60.8
"561",2018-08-27 21:00:11,"Surgical Ward",22.8,59.2
"562",2018-08-27 23:24:19,"ICU",25.7,58.2
"563",2018-08-28 01:48:28,"Surgical Ward",28.8,63.5
"564",2018-08-28 04:12:37,"ICU",20.1,58
"565",2018-08-28 06:36:45,"Surgical Ward",24.5,61.9
"566",2018-08-28 09:00:54,"ICU",25.8,59.9
"567",2018-08-28 11:25:03,"Surgical Ward",21,62.9
"568",2018-08-28 13:49:11,"ICU",23.9,58.3
"569",2018-08-28 16:13:20,"Surgical Ward",29,61
"570",2018-08-28 18:37:29,"ICU",23.7,61.5
"571",2018-08-28 21:01:37,"Surgical Ward",29.3,64.5
"572",2018-08-28 23:25:46,"ICU",20.6,60.2
"573",2018-08-29 01:49:55,"Surgical Ward",23.2,63.4
"574",2018-08-29 04:14:03,"ICU",29.2,59
"575",2018-08-29 06:38:12,"Surgical Ward",31,64.3
"576",2018-08-29 09:02:21,"ICU",27.1,58.3
"577",2018-08-29 11:26:29,"Surgical Ward",27.3,63.8
"578",2018-08-29 13:50:38,"ICU",25.9,58.3
"579",2018-08-29 16:14:47,"Surgical Ward",29.8,58.3
"580",2018-08-29 18:38:55,"ICU",23.1,64.9
"581",2018-08-29 21:03:04,"Surgical Ward",26,59.9
"582",2018-08-29 23:27:12,"ICU",30.4,63.7
"583",2018-08-30 01:51:21,"Surgical Ward",21.7,61
"584",2018-08-30 04:15:30,"ICU",28,60.2
"585",2018-08-30 06:39:38,"Surgical Ward",21.9,61.1
"586",2018-08-30 09:03:47,"ICU",24.8,59.1
"587",2018-08-30 11:27:56,"Surgical Ward",28.2,63.7
"588",2018-08-30 13:52:04,"ICU",23.5,60
"589",2018-08-30 16:16:13,"Surgical Ward",30,60.7
"590",2018-08-30 18:40:22,"ICU",30.5,63.6
"591",2018-08-30 21:04:30,"Surgical Ward",28.6,60.9
"592",2018-08-30 23:28:39,"ICU",22.4,61.5
"593",2018-08-31 01:52:48,"Surgical Ward",22.7,62.9
"594",2018-08-31 04:16:56,"ICU",28.7,58.5
"595",2018-08-31 06:41:05,"Surgical Ward",20.4,60.1
"596",2018-08-31 09:05:14,"ICU",25.4,58.1
"597",2018-08-31 11:29:22,"Surgical Ward",23.4,59.6
"598",2018-08-31 13:53:31,"ICU",24.3,64.1
"599",2018-08-31 16:17:39,"Surgical Ward",20.7,64
"600",2018-08-31 18:41:48,"ICU",21.8,59.5
"601",2018-08-31 21:05:57,"Surgical Ward",26.2,60.6
"602",2018-08-31 23:30:05,"ICU",30.8,59.2
"603",2018-09-01 01:54:14,"Surgical Ward",22.5,63.8
"604",2018-09-01 04:18:23,"ICU",23.8,64.4
"605",2018-09-01 06:42:31,"Surgical Ward",29.7,59.8
"606",2018-09-01 09:06:40,"ICU",27.7,62
"607",2018-09-01 11:30:49,"Surgical Ward",25.2,61.9
"608",2018-09-01 13:54:57,"ICU",30.5,62.2
"609",2018-09-01 16:19:06,"Surgical Ward",22.5,61.1
"610",2018-09-01 18:43:15,"ICU",28.1,63.1
"611",2018-09-01 21:07:23,"Surgical Ward",26.3,64.9
"612",2018-09-01 23:31:32,"ICU",21.8,63.7
"613",2018-09-02 01:55:41,"Surgical Ward",29.7,64.6
"614",2018-09-02 04:19:49,"ICU",26.2,61.3
"615",2018-09-02 06:43:58,"Surgical Ward",30.8,64.7
"616",2018-09-02 09:08:07,"ICU",23.5,64.3
"617",2018-09-02 11:32:15,"Surgical Ward",26.1,60.4
"618",2018-09-02 13:56:24,"ICU",25.9,63.8
"619",2018-09-02 16:20:32,"Surgical Ward",22.1,61
"620",2018-09-02 18:44:41,"ICU",23.8,62.9
"621",2018-09-02 21:08:50,"Surgical Ward",28.8,61.4
"622",2018-09-02 23:32:58,"ICU",28.2,60.1
"623",2018-09-03 01:57:07,"Surgical Ward",22.8,59.6
"624",2018-09-03 04:21:16,"ICU",21.7,64.5
"625",2018-09-03 06:45:24,"Surgical Ward",25.2,60.3
"626",2018-09-03 09:09:33,"ICU",21.1,60.3
"627",2018-09-03 11:33:42,"Surgical Ward",29.7,61.5
"628",2018-09-03 13:57:50,"ICU",26.6,58.7
"629",2018-09-03 16:21:59,"Surgical Ward",24.4,58.8
"630",2018-09-03 18:46:08,"ICU",25.8,64.8
"631",2018-09-03 21:10:16,"Surgical Ward",26.3,58.3
"632",2018-09-03 23:34:25,"ICU",22.2,63.5
"633",2018-09-04 01:58:34,"Surgical Ward",25.1,63
"634",2018-09-04 04:22:42,"ICU",30.8,65
"635",2018-09-04 06:46:51,"Surgical Ward",20.7,62.7
"636",2018-09-04 09:10:59,"ICU",25,61.4
"637",2018-09-04 11:35:08,"Surgical Ward",23.7,64.4
"638",2018-09-04 13:59:17,"ICU",27.2,58.4
"639",2018-09-04 16:23:25,"Surgical Ward",22,62.2
"640",2018-09-04 18:47:34,"ICU",30,59.6
"641",2018-09-04 21:11:43,"Surgical Ward",21.9,59.6
"642",2018-09-04 23:35:51,"ICU",24.9,59.9
"643",2018-09-05 02:00:00,"Surgical Ward",23.5,61.4
"644",2018-09-05 04:24:09,"ICU",23.3,63.8
"645",2018-09-05 06:48:17,"Surgical Ward",21.4,62.1
"646",2018-09-05 09:12:26,"ICU",21.1,61.9
"647",2018-09-05 11:36:35,"Surgical Ward",21.7,59.1
"648",2018-09-05 14:00:43,"ICU",23.7,61.3
"649",2018-09-05 16:24:52,"Surgical Ward",27.9,58.6
"650",2018-09-05 18:49:01,"ICU",20.3,60.4
"651",2018-09-05 21:13:09,"Surgical Ward",30.3,61.3
"652",2018-09-05 23:37:18,"ICU",24.4,64
"653",2018-09-06 02:01:27,"Surgical Ward",24.1,60.3
"654",2018-09-06 04:25:35,"ICU",21,60.8
"655",2018-09-06 06:49:44,"Surgical Ward",28.3,61.8
"656",2018-09-06 09:13:52,"ICU",24.2,59
"657",2018-09-06 11:38:01,"Surgical Ward",20.7,64.3
"658",2018-09-06 14:02:10,"ICU",20.3,61.2
"659",2018-09-06 16:26:18,"Surgical Ward",22.2,61.5
"660",2018-09-06 18:50:27,"ICU",21.2,58.2
"661",2018-09-06 21:14:36,"Surgical Ward",25.8,58.9
"662",2018-09-06 23:38:44,"ICU",21,64
"663",2018-09-07 02:02:53,"Surgical Ward",28.9,61.2
"664",2018-09-07 04:27:02,"ICU",24,63.4
"665",2018-09-07 06:51:10,"Surgical Ward",27.6,64.6
"666",2018-09-07 09:15:19,"ICU",23.7,61.8
"667",2018-09-07 11:39:28,"Surgical Ward",30.8,64.5
"668",2018-09-07 14:03:36,"ICU",22.2,59.2
"669",2018-09-07 16:27:45,"Surgical Ward",28.5,59.5
"670",2018-09-07 18:51:54,"ICU",26.4,61
"671",2018-09-07 21:16:02,"Surgical Ward",28.2,60.6
"672",2018-09-07 23:40:11,"ICU",20.6,58.7
"673",2018-09-08 02:04:19,"Surgical Ward",22.4,60
"674",2018-09-08 04:28:28,"ICU",20.9,64.9
"675",2018-09-08 06:52:37,"Surgical Ward",29.6,59.8
"676",2018-09-08 09:16:45,"ICU",24.9,61.7
"677",2018-09-08 11:40:54,"Surgical Ward",30.6,62.8
"678",2018-09-08 14:05:03,"ICU",21.9,60.9
"679",2018-09-08 16:29:11,"Surgical Ward",28.7,64.2
"680",2018-09-08 18:53:20,"ICU",24.2,58.7
"681",2018-09-08 21:17:29,"Surgical Ward",27.3,58.6
"682",2018-09-08 23:41:37,"ICU",29.1,63.6
"683",2018-09-09 02:05:46,"Surgical Ward",26.5,61.7
"684",2018-09-09 04:29:55,"ICU",26,64.9
"685",2018-09-09 06:54:03,"Surgical Ward",25.4,64.4
"686",2018-09-09 09:18:12,"ICU",28.5,61
"687",2018-09-09 11:42:21,"Surgical Ward",29,58.6
"688",2018-09-09 14:06:29,"ICU",22.2,58.7
"689",2018-09-09 16:30:38,"Surgical Ward",22.8,61.9
"690",2018-09-09 18:54:47,"ICU",25.3,62.4
"691",2018-09-09 21:18:55,"Surgical Ward",27,58.3
"692",2018-09-09 23:43:04,"ICU",25.3,62.8
"693",2018-09-10 02:07:12,"Surgical Ward",27.8,63.1
"694",2018-09-10 04:31:21,"ICU",22,58.9
"695",2018-09-10 06:55:30,"Surgical Ward",28.5,62.1
"696",2018-09-10 09:19:38,"ICU",25.7,59.4
"697",2018-09-10 11:43:47,"Surgical Ward",30.8,63.1
"698",2018-09-10 14:07:56,"ICU",24,60.1
"699",2018-09-10 16:32:04,"Surgical Ward",25.4,58.1
"700",2018-09-10 18:56:13,"ICU",22.5,62.8
"701",2018-09-10 21:20:22,"Surgical Ward",30.5,61
"702",2018-09-10 23:44:30,"ICU",24.8,64.1
"703",2018-09-11 02:08:39,"Surgical Ward",21.8,64.4
"704",2018-09-11 04:32:48,"ICU",30.9,63.9
"705",2018-09-11 06:56:56,"Surgical Ward",20.6,60.9
"706",2018-09-11 09:21:05,"ICU",24.3,61.2
"707",2018-09-11 11:45:14,"Surgical Ward",23.6,59.2
"708",2018-09-11 14:09:22,"ICU",25.2,59.5
"709",2018-09-11 16:33:31,"Surgical Ward",28,59.5
"710",2018-09-11 18:57:39,"ICU",29.5,58.6
"711",2018-09-11 21:21:48,"Surgical Ward",27.4,60.7
"712",2018-09-11 23:45:57,"ICU",21.5,62.1
"713",2018-09-12 02:10:05,"Surgical Ward",30.7,59.1
"714",2018-09-12 04:34:14,"ICU",28.6,63.4
"715",2018-09-12 06:58:23,"Surgical Ward",28.3,60
"716",2018-09-12 09:22:31,"ICU",29.4,63.1
"717",2018-09-12 11:46:40,"Surgical Ward",20.7,63.6
"718",2018-09-12 14:10:49,"ICU",24,64.7
"719",2018-09-12 16:34:57,"Surgical Ward",27.9,58.4
"720",2018-09-12 18:59:06,"ICU",28.1,60
"721",2018-09-12 21:23:15,"Surgical Ward",28.4,63.2
"722",2018-09-12 23:47:23,"ICU",20.3,59.9
"723",2018-09-13 02:11:32,"Surgical Ward",29.5,58.4
"724",2018-09-13 04:35:41,"ICU",29.2,63.6
"725",2018-09-13 06:59:49,"Surgical Ward",21.6,60.6
"726",2018-09-13 09:23:58,"ICU",22.6,61.3
"727",2018-09-13 11:48:07,"Surgical Ward",26.1,63
"728",2018-09-13 14:12:15,"ICU",25.3,61
"729",2018-09-13 16:36:24,"Surgical Ward",28.2,58.1
"730",2018-09-13 19:00:32,"ICU",22.2,61.4
"731",2018-09-13 21:24:41,"Surgical Ward",20.8,62.7
"732",2018-09-13 23:48:50,"ICU",20.2,63.4
"733",2018-09-14 02:12:58,"Surgical Ward",25.7,63.9
"734",2018-09-14 04:37:07,"ICU",23.4,61.2
"735",2018-09-14 07:01:16,"Surgical Ward",29,58.2
"736",2018-09-14 09:25:24,"ICU",29.3,63.4
"737",2018-09-14 11:49:33,"Surgical Ward",28.5,64.3
"738",2018-09-14 14:13:42,"ICU",27,59.5
"739",2018-09-14 16:37:50,"Surgical Ward",28.3,59.6
"740",2018-09-14 19:01:59,"ICU",23,60.1
"741",2018-09-14 21:26:08,"Surgical Ward",30.6,64
"742",2018-09-14 23:50:16,"ICU",25,64.2
"743",2018-09-15 02:14:25,"Surgical Ward",28.5,58
"744",2018-09-15 04:38:34,"ICU",25.8,63
"745",2018-09-15 07:02:42,"Surgical Ward",30.1,59.2
"746",2018-09-15 09:26:51,"ICU",21.6,63
"747",2018-09-15 11:50:59,"Surgical Ward",22.1,60.9
"748",2018-09-15 14:15:08,"ICU",28.3,59.9
"749",2018-09-15 16:39:17,"Surgical Ward",24.7,64.2
"750",2018-09-15 19:03:25,"ICU",25.2,61.6
"751",2018-09-15 21:27:34,"Surgical Ward",27.8,64.3
"752",2018-09-15 23:51:43,"ICU",23.3,59.3
"753",2018-09-16 02:15:51,"Surgical Ward",24.4,62.4
"754",2018-09-16 04:40:00,"ICU",30.3,60.8
"755",2018-09-16 07:04:09,"Surgical Ward",22.8,58.4
"756",2018-09-16 09:28:17,"ICU",30.5,62.5
"757",2018-09-16 11:52:26,"Surgical Ward",27.6,61.3
"758",2018-09-16 14:16:35,"ICU",24.7,64.1
"759",2018-09-16 16:40:43,"Surgical Ward",20.1,58.6
"760",2018-09-16 19:04:52,"ICU",25.8,60.6
"761",2018-09-16 21:29:01,"Surgical Ward",27.7,63.1
"762",2018-09-16 23:53:09,"ICU",28.8,64.1
"763",2018-09-17 02:17:18,"Surgical Ward",29.8,64.8
"764",2018-09-17 04:41:27,"ICU",29.3,64.8
"765",2018-09-17 07:05:35,"Surgical Ward",25.6,59.6
"766",2018-09-17 09:29:44,"ICU",25.4,60
"767",2018-09-17 11:53:52,"Surgical Ward",30.9,64.5
"768",2018-09-17 14:18:01,"ICU",29.4,63.4
"769",2018-09-17 16:42:10,"Surgical Ward",30.1,64.7
"770",2018-09-17 19:06:18,"ICU",24.5,61.6
"771",2018-09-17 21:30:27,"Surgical Ward",25.2,61.8
"772",2018-09-17 23:54:36,"ICU",24.8,59.1
"773",2018-09-18 02:18:44,"Surgical Ward",23.7,60.7
"774",2018-09-18 04:42:53,"ICU",25,60.8
"775",2018-09-18 07:07:02,"Surgical Ward",24.3,61.2
"776",2018-09-18 09:31:10,"ICU",22.7,63.7
"777",2018-09-18 11:55:19,"Surgical Ward",25.3,63.2
"778",2018-09-18 14:19:28,"ICU",21.6,59.5
"779",2018-09-18 16:43:36,"Surgical Ward",23.3,60.3
"780",2018-09-18 19:07:45,"ICU",22,64.3
"781",2018-09-18 21:31:54,"Surgical Ward",29.6,59.8
"782",2018-09-18 23:56:02,"ICU",25.1,59.7
"783",2018-09-19 02:20:11,"Surgical Ward",25.3,63.3
"784",2018-09-19 04:44:19,"ICU",20.5,59.6
"785",2018-09-19 07:08:28,"Surgical Ward",20.6,59.1
"786",2018-09-19 09:32:37,"ICU",20.5,64.6
"787",2018-09-19 11:56:45,"Surgical Ward",21.2,59.7
"788",2018-09-19 14:20:54,"ICU",29,62.7
"789",2018-09-19 16:45:03,"Surgical Ward",23.1,59.1
"790",2018-09-19 19:09:11,"ICU",28.8,64.5
"791",2018-09-19 21:33:20,"Surgical Ward",21.3,64.3
"792",2018-09-19 23:57:29,"ICU",28.4,62
"793",2018-09-20 02:21:37,"Surgical Ward",23.6,64
"794",2018-09-20 04:45:46,"ICU",27.3,58.4
"795",2018-09-20 07:09:55,"Surgical Ward",29.5,62.2
"796",2018-09-20 09:34:03,"ICU",28.1,62.5
"797",2018-09-20 11:58:12,"Surgical Ward",28.1,61.2
"798",2018-09-20 14:22:21,"ICU",26.3,64.8
"799",2018-09-20 16:46:29,"Surgical Ward",25.5,60.5
"800",2018-09-20 19:10:38,"ICU",26,61.7
"801",2018-09-20 21:34:47,"Surgical Ward",30.4,58.7
"802",2018-09-20 23:58:55,"ICU",26.3,60.3
"803",2018-09-21 02:23:04,"Surgical Ward",24.6,63.2
"804",2018-09-21 04:47:12,"ICU",23,63.2
"805",2018-09-21 07:11:21,"Surgical Ward",21.4,59.2
"806",2018-09-21 09:35:30,"ICU",28.1,65
"807",2018-09-21 11:59:38,"Surgical Ward",29.3,64
"808",2018-09-21 14:23:47,"ICU",26.9,58.3
"809",2018-09-21 16:47:56,"Surgical Ward",28.7,63.9
"810",2018-09-21 19:12:04,"ICU",30.4,64
"811",2018-09-21 21:36:13,"Surgical Ward",21.2,61.4
"812",2018-09-22 00:00:22,"ICU",30.1,63.1
"813",2018-09-22 02:24:30,"Surgical Ward",23.3,63.9
"814",2018-09-22 04:48:39,"ICU",26.1,61.9
"815",2018-09-22 07:12:48,"Surgical Ward",29.2,60
"816",2018-09-22 09:36:56,"ICU",22.3,60.5
"817",2018-09-22 12:01:05,"Surgical Ward",20.3,64.6
"818",2018-09-22 14:25:14,"ICU",24.3,63.2
"819",2018-09-22 16:49:22,"Surgical Ward",21.5,58.6
"820",2018-09-22 19:13:31,"ICU",27.4,63
"821",2018-09-22 21:37:39,"Surgical Ward",21.1,62.3
"822",2018-09-23 00:01:48,"ICU",21.2,61.6
"823",2018-09-23 02:25:57,"Surgical Ward",29.7,61.8
"824",2018-09-23 04:50:05,"ICU",27.7,64.1
"825",2018-09-23 07:14:14,"Surgical Ward",26.8,59.4
"826",2018-09-23 09:38:23,"ICU",23.8,63.9
"827",2018-09-23 12:02:31,"Surgical Ward",24.9,62.6
"828",2018-09-23 14:26:40,"ICU",20.7,63
"829",2018-09-23 16:50:49,"Surgical Ward",29.7,63.2
"830",2018-09-23 19:14:57,"ICU",29.6,64.4
"831",2018-09-23 21:39:06,"Surgical Ward",20.5,63
"832",2018-09-24 00:03:15,"ICU",20.8,62.4
"833",2018-09-24 02:27:23,"Surgical Ward",22.5,64.4
"834",2018-09-24 04:51:32,"ICU",29.3,61.5
"835",2018-09-24 07:15:41,"Surgical Ward",22.7,61.1
"836",2018-09-24 09:39:49,"ICU",29.8,59.4
"837",2018-09-24 12:03:58,"Surgical Ward",27.3,64.6
"838",2018-09-24 14:28:07,"ICU",21.9,60.5
"839",2018-09-24 16:52:15,"Surgical Ward",20.3,58.4
"840",2018-09-24 19:16:24,"ICU",20.5,59.7
"841",2018-09-24 21:40:32,"Surgical Ward",26.8,62.1
"842",2018-09-25 00:04:41,"ICU",21.6,63.1
"843",2018-09-25 02:28:50,"Surgical Ward",22.6,62.3
"844",2018-09-25 04:52:58,"ICU",28.7,64.7
"845",2018-09-25 07:17:07,"Surgical Ward",21.3,61.1
"846",2018-09-25 09:41:16,"ICU",25.9,63.7
"847",2018-09-25 12:05:24,"Surgical Ward",20.7,63.6
"848",2018-09-25 14:29:33,"ICU",23.8,60.6
"849",2018-09-25 16:53:42,"Surgical Ward",20.1,62.3
"850",2018-09-25 19:17:50,"ICU",21.2,63
"851",2018-09-25 21:41:59,"Surgical Ward",29.9,61.2
"852",2018-09-26 00:06:08,"ICU",22.7,58.6
"853",2018-09-26 02:30:16,"Surgical Ward",28.5,65
"854",2018-09-26 04:54:25,"ICU",30.6,61.2
"855",2018-09-26 07:18:34,"Surgical Ward",22.4,64
"856",2018-09-26 09:42:42,"ICU",30.5,61.8
"857",2018-09-26 12:06:51,"Surgical Ward",23.9,58.2
"858",2018-09-26 14:30:59,"ICU",22.1,60
"859",2018-09-26 16:55:08,"Surgical Ward",21.5,62.4
"860",2018-09-26 19:19:17,"ICU",23.9,62.8
"861",2018-09-26 21:43:25,"Surgical Ward",28.4,60.8
"862",2018-09-27 00:07:34,"ICU",25.4,61.7
"863",2018-09-27 02:31:43,"Surgical Ward",28.8,62.1
"864",2018-09-27 04:55:51,"ICU",30.8,58.1
"865",2018-09-27 07:20:00,"Surgical Ward",28.9,64.4
"866",2018-09-27 09:44:09,"ICU",22.9,58.4
"867",2018-09-27 12:08:17,"Surgical Ward",25.6,64
"868",2018-09-27 14:32:26,"ICU",20.4,64.2
"869",2018-09-27 16:56:35,"Surgical Ward",22.9,61.8
"870",2018-09-27 19:20:43,"ICU",22.1,58.6
"871",2018-09-27 21:44:52,"Surgical Ward",21.7,63.6
"872",2018-09-28 00:09:01,"ICU",28.8,62.1
"873",2018-09-28 02:33:09,"Surgical Ward",26.9,60
"874",2018-09-28 04:57:18,"ICU",23.6,58.8
"875",2018-09-28 07:21:27,"Surgical Ward",30.1,60.7
"876",2018-09-28 09:45:35,"ICU",27.9,64.1
"877",2018-09-28 12:09:44,"Surgical Ward",30.8,64.7
"878",2018-09-28 14:33:52,"ICU",24.5,62.8
"879",2018-09-28 16:58:01,"Surgical Ward",27,62.1
"880",2018-09-28 19:22:10,"ICU",28.8,61.6
"881",2018-09-28 21:46:18,"Surgical Ward",24.6,60.3
"882",2018-09-29 00:10:27,"ICU",29.4,58.1
"883",2018-09-29 02:34:36,"Surgical Ward",20.7,61.4
"884",2018-09-29 04:58:44,"ICU",25.4,61.3
"885",2018-09-29 07:22:53,"Surgical Ward",27.4,63.3
"886",2018-09-29 09:47:02,"ICU",23.3,59
"887",2018-09-29 12:11:10,"Surgical Ward",25.3,62.8
"888",2018-09-29 14:35:19,"ICU",29.4,61.3
"889",2018-09-29 16:59:28,"Surgical Ward",29.9,61.9
"890",2018-09-29 19:23:36,"ICU",22.9,61.7
"891",2018-09-29 21:47:45,"Surgical Ward",25.4,61.1
"892",2018-09-30 00:11:54,"ICU",25.9,60.9
"893",2018-09-30 02:36:02,"Surgical Ward",20.4,59.5
"894",2018-09-30 05:00:11,"ICU",25.4,61.7
"895",2018-09-30 07:24:19,"Surgical Ward",26.2,60.7
"896",2018-09-30 09:48:28,"ICU",20.7,60.8
"897",2018-09-30 12:12:37,"Surgical Ward",24.6,60
"898",2018-09-30 14:36:45,"ICU",24,64.8
"899",2018-09-30 17:00:54,"Surgical Ward",30.6,62.4
"900",2018-09-30 19:25:03,"ICU",21.6,61.5
"901",2018-09-30 21:49:11,"Surgical Ward",22.5,61.4
"902",2018-10-01 00:13:20,"ICU",28.2,59.4
"903",2018-10-01 02:37:29,"Surgical Ward",24,61.5
"904",2018-10-01 05:01:37,"ICU",27.8,58.5
"905",2018-10-01 07:25:46,"Surgical Ward",24.9,60.2
"906",2018-10-01 09:49:55,"ICU",29.7,58.7
"907",2018-10-01 12:14:03,"Surgical Ward",28.4,61.5
"908",2018-10-01 14:38:12,"ICU",20.9,62.5
"909",2018-10-01 17:02:21,"Surgical Ward",27.2,61.5
"910",2018-10-01 19:26:29,"ICU",26.6,59.8
"911",2018-10-01 21:50:38,"Surgical Ward",25.1,62.9
"912",2018-10-02 00:14:47,"ICU",30,62.3
"913",2018-10-02 02:38:55,"Surgical Ward",30.1,63.5
"914",2018-10-02 05:03:04,"ICU",22.4,62.4
"915",2018-10-02 07:27:12,"Surgical Ward",30.7,63.4
"916",2018-10-02 09:51:21,"ICU",25,60.7
"917",2018-10-02 12:15:30,"Surgical Ward",29.8,64.1
"918",2018-10-02 14:39:38,"ICU",23.3,63.1
"919",2018-10-02 17:03:47,"Surgical Ward",26.4,62.6
"920",2018-10-02 19:27:56,"ICU",24.6,62.8
"921",2018-10-02 21:52:04,"Surgical Ward",29.3,62.5
"922",2018-10-03 00:16:13,"ICU",24.9,63.9
"923",2018-10-03 02:40:22,"Surgical Ward",23,59.7
"924",2018-10-03 05:04:30,"ICU",28.6,62
"925",2018-10-03 07:28:39,"Surgical Ward",26.2,64.5
"926",2018-10-03 09:52:48,"ICU",24.2,59.5
"927",2018-10-03 12:16:56,"Surgical Ward",26.4,59.8
"928",2018-10-03 14:41:05,"ICU",24.5,63
"929",2018-10-03 17:05:14,"Surgical Ward",23.3,59.1
"930",2018-10-03 19:29:22,"ICU",30,58.9
"931",2018-10-03 21:53:31,"Surgical Ward",29.6,62.6
"932",2018-10-04 00:17:39,"ICU",29,63.5
"933",2018-10-04 02:41:48,"Surgical Ward",20.2,64.5
"934",2018-10-04 05:05:57,"ICU",26.1,64.1
"935",2018-10-04 07:30:05,"Surgical Ward",29.4,63.5
"936",2018-10-04 09:54:14,"ICU",20.1,60.2
"937",2018-10-04 12:18:23,"Surgical Ward",30.7,62
"938",2018-10-04 14:42:31,"ICU",27.6,60.2
"939",2018-10-04 17:06:40,"Surgical Ward",22,62.8
"940",2018-10-04 19:30:49,"ICU",27.5,60.5
"941",2018-10-04 21:54:57,"Surgical Ward",25.8,60.7
"942",2018-10-05 00:19:06,"ICU",22.2,59.5
"943",2018-10-05 02:43:15,"Surgical Ward",20.1,61.9
"944",2018-10-05 05:07:23,"ICU",27.9,58.4
"945",2018-10-05 07:31:32,"Surgical Ward",21.3,61
"946",2018-10-05 09:55:41,"ICU",29.6,59.9
"947",2018-10-05 12:19:49,"Surgical Ward",27.9,60.8
"948",2018-10-05 14:43:58,"ICU",25.2,63.3
"949",2018-10-05 17:08:07,"Surgical Ward",27.8,60.2
"950",2018-10-05 19:32:15,"ICU",23.4,62
"951",2018-10-05 21:56:24,"Surgical Ward",28.7,61.3
"952",2018-10-06 00:20:32,"ICU",22.7,59.1
"953",2018-10-06 02:44:41,"Surgical Ward",24,64.2
"954",2018-10-06 05:08:50,"ICU",20.8,61.5
"955",2018-10-06 07:32:58,"Surgical Ward",28,61.2
"956",2018-10-06 09:57:07,"ICU",26.9,60.3
"957",2018-10-06 12:21:16,"Surgical Ward",24.1,63.2
"958",2018-10-06 14:45:24,"ICU",30.5,63.2
"959",2018-10-06 17:09:33,"Surgical Ward",28.4,60.1
"960",2018-10-06 19:33:42,"ICU",30.9,63.2
"961",2018-10-06 21:57:50,"Surgical Ward",25.2,62.8
"962",2018-10-07 00:21:59,"ICU",22.7,63.7
"963",2018-10-07 02:46:08,"Surgical Ward",30.8,61.9
"964",2018-10-07 05:10:16,"ICU",28.3,63.3
"965",2018-10-07 07:34:25,"Surgical Ward",24,61.6
"966",2018-10-07 09:58:34,"ICU",20.5,62.2
"967",2018-10-07 12:22:42,"Surgical Ward",24.7,60.7
"968",2018-10-07 14:46:51,"ICU",29.4,60.5
"969",2018-10-07 17:10:59,"Surgical Ward",28.1,64.4
"970",2018-10-07 19:35:08,"ICU",21.3,61.8
"971",2018-10-07 21:59:17,"Surgical Ward",26.1,60.4
"972",2018-10-08 00:23:25,"ICU",30.2,61
"973",2018-10-08 02:47:34,"Surgical Ward",24.7,62.4
"974",2018-10-08 05:11:43,"ICU",30.9,61.6
"975",2018-10-08 07:35:51,"Surgical Ward",23,63.7
"976",2018-10-08 10:00:00,"ICU",22.2,61.6
"977",2018-10-08 12:24:09,"Surgical Ward",26.8,62.3
"978",2018-10-08 14:48:17,"ICU",24.7,62
"979",2018-10-08 17:12:26,"Surgical Ward",28,61.7
"980",2018-10-08 19:36:35,"ICU",28.1,59.9
"981",2018-10-08 22:00:43,"Surgical Ward",23.4,60.6
"982",2018-10-09 00:24:52,"ICU",28.7,61.7
"983",2018-10-09 02:49:01,"Surgical Ward",23,58.1
"984",2018-10-09 05:13:09,"ICU",27.2,59.5
"985",2018-10-09 07:37:18,"Surgical Ward",29.7,63.4
"986",2018-10-09 10:01:27,"ICU",27.4,60.2
"987",2018-10-09 12:25:35,"Surgical Ward",30.2,62.4
"988",2018-10-09 14:49:44,"ICU",23.2,59.8
"989",2018-10-09 17:13:52,"Surgical Ward",27.9,63.3
"990",2018-10-09 19:38:01,"ICU",26.2,62.5
"991",2018-10-09 22:02:10,"Surgical Ward",23,58.6
"992",2018-10-10 00:26:18,"ICU",24.6,59.8
"993",2018-10-10 02:50:27,"Surgical Ward",23.3,62.6
"994",2018-10-10 05:14:36,"ICU",21.7,61.2
"995",2018-10-10 07:38:44,"Surgical Ward",22.9,63.8
"996",2018-10-10 10:02:53,"ICU",29.1,59.7
"997",2018-10-10 12:27:02,"Surgical Ward",23.7,58.4
"998",2018-10-10 14:51:10,"ICU",25.5,58.5
"999",2018-10-10 17:15:19,"Surgical Ward",21,62.8
"1000",2018-10-10 19:39:28,"ICU",20.9,60.8
